numCircles,isParallel,AoS,nthreads,time
500,0,1,1,6.17749
1000,0,1,1,12.2741
2000,0,1,1,24.4906
500,0,0,1,5.57054
1000,0,0,1,11.1598
2000,0,0,1,22.9374
